modelo,amostra,R2,RMSE,MAE
OLS contemporâneo,teste,-0.25757264483563946,0.08454216313362285,0.06534930527038774
Lasso,teste,-0.8614444771790297,0.10285652748023345,0.08219142595555462
Ridge,teste,-1.0063683442624116,0.10678546626457673,0.0856504221056389
OLS com lags,teste,-1.2474319250142387,0.11301864278196573,0.09069781352386179
OLS com lags,treino,0.36940203043998976,0.07816996106512418,0.05827743866577613
OLS contemporâneo,treino,0.02796896423156936,0.09688113626888263,0.0691599048081192
