cenario,retorno_previsto_log,retorno_previsto_pct_aprox
Bloqueio severo de Ormuz,-0.017422112925727033,-1.7422112925727034
Tensão regional elevada,-0.0008837680084144732,-0.08837680084144732
Normalização geopolítica,0.005731569958510549,0.573156995851055
